id,Name
I4jPyUiQ,Organization_Name_1
UjwWgyPS,Organization_Name_2
1GT0L6N8,Organization_Name_3
IUYXcb9X,Organization_Name_4
4d21hltT,Organization_Name_5
1kvDfywu,Organization_Name_6
H6Twef5U,Organization_Name_7
ifRDmhQ2,Organization_Name_8
77epeoPD,Organization_Name_9
SCKpqGFe,Organization_Name_10
66WcR98E,Organization_Name_11
sGufdX2I,Organization_Name_12
TCeO4Qwm,Organization_Name_13
gOfdYqkP,Organization_Name_14
NsiQvltb,Organization_Name_15
UjnIg5IE,Organization_Name_16
LZV8GEwg,Organization_Name_17
mrqgRrd7,Organization_Name_18
pFuW7OYV,Organization_Name_19
fkFIF6P6,Organization_Name_20
